{"cameraMode":{"drawMode":0,"name":"Shaded","section":"Shading Mode"},"sceneLighting":false,"audioPlay":false,"sceneViewState":{"m_AlwaysRefresh":false,"showFog":true,"showSkybox":true,"showFlares":true,"showImageEffects":false,"showParticleSystems":true,"showVisualEffectGraphs":true,"m_FxEnabled":true},"in2DMode":false,"pivot":{"x":89.56727600097656,"y":1.1592267751693726,"z":-106.5852279663086},"rotation":{"x":0.001619331305846572,"y":0.9923273921012878,"z":-0.12298822402954102,"w":0.013072037138044835},"size":2.268160104751587,"orthographic":false}