{"cameraMode":{"drawMode":0,"name":"Shaded","section":"Shading Mode"},"sceneLighting":false,"audioPlay":false,"sceneViewState":{"m_AlwaysRefresh":false,"showFog":true,"showSkybox":false,"showFlares":true,"showImageEffects":false,"showParticleSystems":true,"showVisualEffectGraphs":true,"m_FxEnabled":true},"in2DMode":false,"pivot":{"x":1.3700000047683716,"y":1.2300000190734864,"z":-18.440000534057618},"rotation":{"x":-0.28632089495658877,"y":0.712860643863678,"z":-0.43198761343955996,"w":-0.47249430418014529},"size":1.2247449159622193,"orthographic":false}